date,day_of_week,month,quarter,year,season,time_id
2018-12-28,Friday,December,4,2018,Winter,1
2018-12-29,Saturday,December,4,2018,Winter,2
2018-12-30,Sunday,December,4,2018,Winter,3
2018-12-31,Monday,December,4,2018,Winter,4
2019-01-01,Tuesday,January,1,2019,Winter,5
2019-01-02,Wednesday,January,1,2019,Winter,6
2019-01-03,Thursday,January,1,2019,Winter,7
2019-01-04,Friday,January,1,2019,Winter,8
2019-01-05,Saturday,January,1,2019,Winter,9
2019-01-06,Sunday,January,1,2019,Winter,10
2019-01-07,Monday,January,1,2019,Winter,11
2019-01-08,Tuesday,January,1,2019,Winter,12
2019-01-09,Wednesday,January,1,2019,Winter,13
2019-01-10,Thursday,January,1,2019,Winter,14
2019-01-11,Friday,January,1,2019,Winter,15
2019-01-12,Saturday,January,1,2019,Winter,16
2019-01-13,Sunday,January,1,2019,Winter,17
2019-01-14,Monday,January,1,2019,Winter,18
2019-01-15,Tuesday,January,1,2019,Winter,19
2019-01-17,Thursday,January,1,2019,Winter,20
2019-01-19,Saturday,January,1,2019,Winter,21
2019-01-20,Sunday,January,1,2019,Winter,22
2019-01-21,Monday,January,1,2019,Winter,23
2019-01-22,Tuesday,January,1,2019,Winter,24
2019-01-23,Wednesday,January,1,2019,Winter,25
2019-01-24,Thursday,January,1,2019,Winter,26
2019-01-25,Friday,January,1,2019,Winter,27
2019-01-26,Saturday,January,1,2019,Winter,28
2019-01-27,Sunday,January,1,2019,Winter,29
2019-01-28,Monday,January,1,2019,Winter,30
2019-01-29,Tuesday,January,1,2019,Winter,31
2019-01-31,Thursday,January,1,2019,Winter,32
2019-02-01,Friday,February,1,2019,Winter,33
2019-02-02,Saturday,February,1,2019,Winter,34
2019-02-03,Sunday,February,1,2019,Winter,35
2019-02-04,Monday,February,1,2019,Winter,36
2019-02-05,Tuesday,February,1,2019,Winter,37
2019-02-06,Wednesday,February,1,2019,Winter,38
2019-02-08,Friday,February,1,2019,Winter,39
2019-02-09,Saturday,February,1,2019,Winter,40
2019-02-10,Sunday,February,1,2019,Winter,41
2019-02-11,Monday,February,1,2019,Winter,42
2019-02-12,Tuesday,February,1,2019,Winter,43
2019-02-13,Wednesday,February,1,2019,Winter,44
2019-02-14,Thursday,February,1,2019,Winter,45
2019-02-15,Friday,February,1,2019,Winter,46
2019-02-16,Saturday,February,1,2019,Winter,47
2019-02-17,Sunday,February,1,2019,Winter,48
2019-02-18,Monday,February,1,2019,Winter,49
2019-02-19,Tuesday,February,1,2019,Winter,50
2019-02-20,Wednesday,February,1,2019,Winter,51
2019-02-21,Thursday,February,1,2019,Winter,52
2019-02-23,Saturday,February,1,2019,Winter,53
2019-02-24,Sunday,February,1,2019,Winter,54
2019-02-25,Monday,February,1,2019,Winter,55
2019-02-26,Tuesday,February,1,2019,Winter,56
2019-02-27,Wednesday,February,1,2019,Winter,57
2019-02-28,Thursday,February,1,2019,Winter,58
2019-03-01,Friday,March,1,2019,Spring,59
2019-03-02,Saturday,March,1,2019,Spring,60
2019-03-03,Sunday,March,1,2019,Spring,61
2019-03-04,Monday,March,1,2019,Spring,62
2019-03-05,Tuesday,March,1,2019,Spring,63
2019-03-06,Wednesday,March,1,2019,Spring,64
2019-03-07,Thursday,March,1,2019,Spring,65
2019-03-08,Friday,March,1,2019,Spring,66
2019-03-09,Saturday,March,1,2019,Spring,67
2019-03-10,Sunday,March,1,2019,Spring,68
2019-03-11,Monday,March,1,2019,Spring,69
2019-03-12,Tuesday,March,1,2019,Spring,70
2019-03-13,Wednesday,March,1,2019,Spring,71
2019-03-14,Thursday,March,1,2019,Spring,72
2019-03-15,Friday,March,1,2019,Spring,73
2019-03-16,Saturday,March,1,2019,Spring,74
2019-03-17,Sunday,March,1,2019,Spring,75
2019-03-18,Monday,March,1,2019,Spring,76
2019-03-19,Tuesday,March,1,2019,Spring,77
2019-03-20,Wednesday,March,1,2019,Spring,78
2019-03-22,Friday,March,1,2019,Spring,79
2019-03-23,Saturday,March,1,2019,Spring,80
2019-03-24,Sunday,March,1,2019,Spring,81
2019-03-25,Monday,March,1,2019,Spring,82
2019-03-26,Tuesday,March,1,2019,Spring,83
2019-03-27,Wednesday,March,1,2019,Spring,84
2019-03-28,Thursday,March,1,2019,Spring,85
2019-03-29,Friday,March,1,2019,Spring,86
2019-03-30,Saturday,March,1,2019,Spring,87
2019-03-31,Sunday,March,1,2019,Spring,88
2019-04-01,Monday,April,2,2019,Spring,89
2019-04-02,Tuesday,April,2,2019,Spring,90
2019-04-03,Wednesday,April,2,2019,Spring,91
2019-04-04,Thursday,April,2,2019,Spring,92
2019-04-05,Friday,April,2,2019,Spring,93
2019-04-06,Saturday,April,2,2019,Spring,94
2019-04-07,Sunday,April,2,2019,Spring,95
2019-04-09,Tuesday,April,2,2019,Spring,96
2019-04-10,Wednesday,April,2,2019,Spring,97
2019-04-11,Thursday,April,2,2019,Spring,98
2019-04-12,Friday,April,2,2019,Spring,99
2019-04-13,Saturday,April,2,2019,Spring,100
2019-04-14,Sunday,April,2,2019,Spring,101
2019-04-15,Monday,April,2,2019,Spring,102
2019-04-16,Tuesday,April,2,2019,Spring,103
2019-04-17,Wednesday,April,2,2019,Spring,104
2019-04-18,Thursday,April,2,2019,Spring,105
2019-04-19,Friday,April,2,2019,Spring,106
2019-04-20,Saturday,April,2,2019,Spring,107
2019-04-21,Sunday,April,2,2019,Spring,108
2019-04-22,Monday,April,2,2019,Spring,109
2019-04-23,Tuesday,April,2,2019,Spring,110
2019-04-24,Wednesday,April,2,2019,Spring,111
2019-04-25,Thursday,April,2,2019,Spring,112
2019-04-26,Friday,April,2,2019,Spring,113
2019-04-27,Saturday,April,2,2019,Spring,114
2019-04-28,Sunday,April,2,2019,Spring,115
2019-04-29,Monday,April,2,2019,Spring,116
2019-04-30,Tuesday,April,2,2019,Spring,117
2019-05-01,Wednesday,May,2,2019,Spring,118
2019-05-02,Thursday,May,2,2019,Spring,119
2019-05-03,Friday,May,2,2019,Spring,120
2019-05-04,Saturday,May,2,2019,Spring,121
2019-05-05,Sunday,May,2,2019,Spring,122
2019-05-06,Monday,May,2,2019,Spring,123
2019-05-07,Tuesday,May,2,2019,Spring,124
2019-05-08,Wednesday,May,2,2019,Spring,125
2019-05-09,Thursday,May,2,2019,Spring,126
2019-05-10,Friday,May,2,2019,Spring,127
2019-05-11,Saturday,May,2,2019,Spring,128
2019-05-12,Sunday,May,2,2019,Spring,129
2019-05-13,Monday,May,2,2019,Spring,130
2019-05-14,Tuesday,May,2,2019,Spring,131
2019-05-15,Wednesday,May,2,2019,Spring,132
2019-05-16,Thursday,May,2,2019,Spring,133
2019-05-17,Friday,May,2,2019,Spring,134
2019-05-18,Saturday,May,2,2019,Spring,135
2019-05-19,Sunday,May,2,2019,Spring,136
2019-05-20,Monday,May,2,2019,Spring,137
2019-05-21,Tuesday,May,2,2019,Spring,138
2019-05-22,Wednesday,May,2,2019,Spring,139
2019-05-23,Thursday,May,2,2019,Spring,140
2019-05-24,Friday,May,2,2019,Spring,141
2019-05-25,Saturday,May,2,2019,Spring,142
2019-05-26,Sunday,May,2,2019,Spring,143
2019-05-27,Monday,May,2,2019,Spring,144
2019-05-28,Tuesday,May,2,2019,Spring,145
2019-05-29,Wednesday,May,2,2019,Spring,146
2019-05-30,Thursday,May,2,2019,Spring,147
2019-05-31,Friday,May,2,2019,Spring,148
2019-06-01,Saturday,June,2,2019,Summer,149
2019-06-02,Sunday,June,2,2019,Summer,150
2019-06-03,Monday,June,2,2019,Summer,151
2019-06-04,Tuesday,June,2,2019,Summer,152
2019-06-05,Wednesday,June,2,2019,Summer,153
2019-06-06,Thursday,June,2,2019,Summer,154
2019-06-07,Friday,June,2,2019,Summer,155
2019-06-08,Saturday,June,2,2019,Summer,156
2019-06-09,Sunday,June,2,2019,Summer,157
2019-06-10,Monday,June,2,2019,Summer,158
2019-06-11,Tuesday,June,2,2019,Summer,159
2019-06-12,Wednesday,June,2,2019,Summer,160
2019-06-14,Friday,June,2,2019,Summer,161
2019-06-15,Saturday,June,2,2019,Summer,162
2019-06-16,Sunday,June,2,2019,Summer,163
2019-06-17,Monday,June,2,2019,Summer,164
2019-06-18,Tuesday,June,2,2019,Summer,165
2019-06-19,Wednesday,June,2,2019,Summer,166
2019-06-20,Thursday,June,2,2019,Summer,167
2019-06-21,Friday,June,2,2019,Summer,168
2019-06-22,Saturday,June,2,2019,Summer,169
2019-06-23,Sunday,June,2,2019,Summer,170
2019-06-24,Monday,June,2,2019,Summer,171
2019-06-25,Tuesday,June,2,2019,Summer,172
2019-06-26,Wednesday,June,2,2019,Summer,173
2019-06-27,Thursday,June,2,2019,Summer,174
2019-06-28,Friday,June,2,2019,Summer,175
2019-06-29,Saturday,June,2,2019,Summer,176
2019-06-30,Sunday,June,2,2019,Summer,177
2019-07-01,Monday,July,3,2019,Summer,178
2019-07-02,Tuesday,July,3,2019,Summer,179
2019-07-03,Wednesday,July,3,2019,Summer,180
2019-07-04,Thursday,July,3,2019,Summer,181
2019-07-05,Friday,July,3,2019,Summer,182
2019-07-06,Saturday,July,3,2019,Summer,183
2019-07-07,Sunday,July,3,2019,Summer,184
2019-07-08,Monday,July,3,2019,Summer,185
2019-07-09,Tuesday,July,3,2019,Summer,186
2019-07-10,Wednesday,July,3,2019,Summer,187
2019-07-11,Thursday,July,3,2019,Summer,188
2019-07-12,Friday,July,3,2019,Summer,189
2019-07-13,Saturday,July,3,2019,Summer,190
2019-07-14,Sunday,July,3,2019,Summer,191
2019-07-15,Monday,July,3,2019,Summer,192
2019-07-16,Tuesday,July,3,2019,Summer,193
2019-07-17,Wednesday,July,3,2019,Summer,194
2019-07-18,Thursday,July,3,2019,Summer,195
2019-07-19,Friday,July,3,2019,Summer,196
2019-07-20,Saturday,July,3,2019,Summer,197
2019-07-21,Sunday,July,3,2019,Summer,198
2019-07-22,Monday,July,3,2019,Summer,199
2019-07-23,Tuesday,July,3,2019,Summer,200
2019-07-24,Wednesday,July,3,2019,Summer,201
2019-07-26,Friday,July,3,2019,Summer,202
2019-07-27,Saturday,July,3,2019,Summer,203
2019-07-28,Sunday,July,3,2019,Summer,204
2019-07-29,Monday,July,3,2019,Summer,205
2019-07-30,Tuesday,July,3,2019,Summer,206
2019-07-31,Wednesday,July,3,2019,Summer,207
2019-08-01,Thursday,August,3,2019,Summer,208
2019-08-02,Friday,August,3,2019,Summer,209
2019-08-03,Saturday,August,3,2019,Summer,210
2019-08-04,Sunday,August,3,2019,Summer,211
2019-08-05,Monday,August,3,2019,Summer,212
2019-08-06,Tuesday,August,3,2019,Summer,213
2019-08-07,Wednesday,August,3,2019,Summer,214
2019-08-08,Thursday,August,3,2019,Summer,215
2019-08-09,Friday,August,3,2019,Summer,216
2019-08-10,Saturday,August,3,2019,Summer,217
2019-08-11,Sunday,August,3,2019,Summer,218
2019-08-12,Monday,August,3,2019,Summer,219
2019-08-13,Tuesday,August,3,2019,Summer,220
2019-08-14,Wednesday,August,3,2019,Summer,221
2019-08-15,Thursday,August,3,2019,Summer,222
2019-08-16,Friday,August,3,2019,Summer,223
2019-08-17,Saturday,August,3,2019,Summer,224
2019-08-18,Sunday,August,3,2019,Summer,225
2019-08-19,Monday,August,3,2019,Summer,226
2019-08-20,Tuesday,August,3,2019,Summer,227
2019-08-21,Wednesday,August,3,2019,Summer,228
2019-08-22,Thursday,August,3,2019,Summer,229
2019-08-23,Friday,August,3,2019,Summer,230
2019-08-24,Saturday,August,3,2019,Summer,231
2019-08-25,Sunday,August,3,2019,Summer,232
2019-08-26,Monday,August,3,2019,Summer,233
2019-08-27,Tuesday,August,3,2019,Summer,234
2019-08-28,Wednesday,August,3,2019,Summer,235
2019-08-29,Thursday,August,3,2019,Summer,236
2019-08-30,Friday,August,3,2019,Summer,237
2019-08-31,Saturday,August,3,2019,Summer,238
2019-09-01,Sunday,September,3,2019,Fall,239
2019-09-02,Monday,September,3,2019,Fall,240
2019-09-03,Tuesday,September,3,2019,Fall,241
2019-09-04,Wednesday,September,3,2019,Fall,242
2019-09-05,Thursday,September,3,2019,Fall,243
2019-09-06,Friday,September,3,2019,Fall,244
2019-09-07,Saturday,September,3,2019,Fall,245
2019-09-08,Sunday,September,3,2019,Fall,246
2019-09-09,Monday,September,3,2019,Fall,247
2019-09-10,Tuesday,September,3,2019,Fall,248
2019-09-11,Wednesday,September,3,2019,Fall,249
2019-09-12,Thursday,September,3,2019,Fall,250
2019-09-13,Friday,September,3,2019,Fall,251
2019-09-14,Saturday,September,3,2019,Fall,252
2019-09-15,Sunday,September,3,2019,Fall,253
2019-09-16,Monday,September,3,2019,Fall,254
2019-09-17,Tuesday,September,3,2019,Fall,255
2019-09-18,Wednesday,September,3,2019,Fall,256
2019-09-19,Thursday,September,3,2019,Fall,257
2019-09-20,Friday,September,3,2019,Fall,258
2019-09-21,Saturday,September,3,2019,Fall,259
2019-09-22,Sunday,September,3,2019,Fall,260
2019-09-23,Monday,September,3,2019,Fall,261
2019-09-24,Tuesday,September,3,2019,Fall,262
2019-09-25,Wednesday,September,3,2019,Fall,263
2019-09-26,Thursday,September,3,2019,Fall,264
2019-09-27,Friday,September,3,2019,Fall,265
2019-09-28,Saturday,September,3,2019,Fall,266
2019-09-29,Sunday,September,3,2019,Fall,267
2019-09-30,Monday,September,3,2019,Fall,268
2019-10-01,Tuesday,October,4,2019,Fall,269
2019-10-02,Wednesday,October,4,2019,Fall,270
2019-10-03,Thursday,October,4,2019,Fall,271
2019-10-04,Friday,October,4,2019,Fall,272
2019-10-05,Saturday,October,4,2019,Fall,273
2019-10-06,Sunday,October,4,2019,Fall,274
2019-10-07,Monday,October,4,2019,Fall,275
2019-10-08,Tuesday,October,4,2019,Fall,276
2019-10-09,Wednesday,October,4,2019,Fall,277
2019-10-10,Thursday,October,4,2019,Fall,278
2019-10-11,Friday,October,4,2019,Fall,279
2019-10-12,Saturday,October,4,2019,Fall,280
2019-10-13,Sunday,October,4,2019,Fall,281
2019-10-14,Monday,October,4,2019,Fall,282
2019-10-15,Tuesday,October,4,2019,Fall,283
2019-10-16,Wednesday,October,4,2019,Fall,284
2019-10-17,Thursday,October,4,2019,Fall,285
2019-10-18,Friday,October,4,2019,Fall,286
2019-10-19,Saturday,October,4,2019,Fall,287
2019-10-20,Sunday,October,4,2019,Fall,288
2019-10-21,Monday,October,4,2019,Fall,289
2019-10-22,Tuesday,October,4,2019,Fall,290
2019-10-23,Wednesday,October,4,2019,Fall,291
2019-10-24,Thursday,October,4,2019,Fall,292
2019-10-25,Friday,October,4,2019,Fall,293
2019-10-26,Saturday,October,4,2019,Fall,294
2019-10-27,Sunday,October,4,2019,Fall,295
2019-10-28,Monday,October,4,2019,Fall,296
2019-10-29,Tuesday,October,4,2019,Fall,297
2019-10-30,Wednesday,October,4,2019,Fall,298
2019-10-31,Thursday,October,4,2019,Fall,299
2019-11-01,Friday,November,4,2019,Fall,300
2019-11-02,Saturday,November,4,2019,Fall,301
2019-11-03,Sunday,November,4,2019,Fall,302
2019-11-04,Monday,November,4,2019,Fall,303
2019-11-05,Tuesday,November,4,2019,Fall,304
2019-11-06,Wednesday,November,4,2019,Fall,305
2019-11-07,Thursday,November,4,2019,Fall,306
2019-11-08,Friday,November,4,2019,Fall,307
2019-11-09,Saturday,November,4,2019,Fall,308
2019-11-10,Sunday,November,4,2019,Fall,309
2019-11-11,Monday,November,4,2019,Fall,310
2019-11-12,Tuesday,November,4,2019,Fall,311
2019-11-13,Wednesday,November,4,2019,Fall,312
2019-11-14,Thursday,November,4,2019,Fall,313
2019-11-15,Friday,November,4,2019,Fall,314
2019-11-16,Saturday,November,4,2019,Fall,315
2019-11-17,Sunday,November,4,2019,Fall,316
2019-11-18,Monday,November,4,2019,Fall,317
2019-11-19,Tuesday,November,4,2019,Fall,318
2019-11-20,Wednesday,November,4,2019,Fall,319
2019-11-21,Thursday,November,4,2019,Fall,320
2019-11-22,Friday,November,4,2019,Fall,321
2019-11-23,Saturday,November,4,2019,Fall,322
2019-11-24,Sunday,November,4,2019,Fall,323
2019-11-25,Monday,November,4,2019,Fall,324
2019-11-26,Tuesday,November,4,2019,Fall,325
2019-11-27,Wednesday,November,4,2019,Fall,326
2019-11-28,Thursday,November,4,2019,Fall,327
2019-11-29,Friday,November,4,2019,Fall,328
2019-11-30,Saturday,November,4,2019,Fall,329
2019-12-01,Sunday,December,4,2019,Winter,330
2019-12-02,Monday,December,4,2019,Winter,331
2019-12-03,Tuesday,December,4,2019,Winter,332
2019-12-04,Wednesday,December,4,2019,Winter,333
2019-12-05,Thursday,December,4,2019,Winter,334
2019-12-06,Friday,December,4,2019,Winter,335
2019-12-07,Saturday,December,4,2019,Winter,336
2019-12-08,Sunday,December,4,2019,Winter,337
2019-12-09,Monday,December,4,2019,Winter,338
2019-12-10,Tuesday,December,4,2019,Winter,339
2019-12-11,Wednesday,December,4,2019,Winter,340
2019-12-12,Thursday,December,4,2019,Winter,341
2019-12-13,Friday,December,4,2019,Winter,342
2019-12-14,Saturday,December,4,2019,Winter,343
2019-12-15,Sunday,December,4,2019,Winter,344
2019-12-16,Monday,December,4,2019,Winter,345
2019-12-17,Tuesday,December,4,2019,Winter,346
2019-12-18,Wednesday,December,4,2019,Winter,347
2019-12-19,Thursday,December,4,2019,Winter,348
2019-12-20,Friday,December,4,2019,Winter,349
2019-12-21,Saturday,December,4,2019,Winter,350
2019-12-22,Sunday,December,4,2019,Winter,351
2019-12-23,Monday,December,4,2019,Winter,352
2019-12-24,Tuesday,December,4,2019,Winter,353
2019-12-25,Wednesday,December,4,2019,Winter,354
2019-12-26,Thursday,December,4,2019,Winter,355
2019-12-27,Friday,December,4,2019,Winter,356
2019-12-28,Saturday,December,4,2019,Winter,357
2019-12-29,Sunday,December,4,2019,Winter,358
2019-12-30,Monday,December,4,2019,Winter,359
2019-12-31,Tuesday,December,4,2019,Winter,360
2020-01-01,Wednesday,January,1,2020,Winter,361
2020-01-02,Thursday,January,1,2020,Winter,362
2020-01-03,Friday,January,1,2020,Winter,363
2020-01-04,Saturday,January,1,2020,Winter,364
2020-01-06,Monday,January,1,2020,Winter,365
2020-01-07,Tuesday,January,1,2020,Winter,366
2020-01-09,Thursday,January,1,2020,Winter,367
2020-01-11,Saturday,January,1,2020,Winter,368
2020-01-12,Sunday,January,1,2020,Winter,369
2020-01-13,Monday,January,1,2020,Winter,370
2020-01-16,Thursday,January,1,2020,Winter,371
2020-01-17,Friday,January,1,2020,Winter,372
2020-01-18,Saturday,January,1,2020,Winter,373
2020-01-20,Monday,January,1,2020,Winter,374
2020-01-21,Tuesday,January,1,2020,Winter,375
2020-01-22,Wednesday,January,1,2020,Winter,376
2020-01-23,Thursday,January,1,2020,Winter,377
2020-01-24,Friday,January,1,2020,Winter,378
2020-01-25,Saturday,January,1,2020,Winter,379
2020-01-26,Sunday,January,1,2020,Winter,380
2020-01-28,Tuesday,January,1,2020,Winter,381
2020-01-29,Wednesday,January,1,2020,Winter,382
2020-01-30,Thursday,January,1,2020,Winter,383
2020-01-31,Friday,January,1,2020,Winter,384
2020-02-01,Saturday,February,1,2020,Winter,385
2020-02-02,Sunday,February,1,2020,Winter,386
2020-02-03,Monday,February,1,2020,Winter,387
2020-02-04,Tuesday,February,1,2020,Winter,388
2020-02-05,Wednesday,February,1,2020,Winter,389
2020-02-07,Friday,February,1,2020,Winter,390
2020-02-08,Saturday,February,1,2020,Winter,391
2020-02-09,Sunday,February,1,2020,Winter,392
2020-02-10,Monday,February,1,2020,Winter,393
2020-02-12,Wednesday,February,1,2020,Winter,394
2020-02-13,Thursday,February,1,2020,Winter,395
2020-02-14,Friday,February,1,2020,Winter,396
2020-02-15,Saturday,February,1,2020,Winter,397
2020-02-16,Sunday,February,1,2020,Winter,398
2020-02-17,Monday,February,1,2020,Winter,399
2020-02-18,Tuesday,February,1,2020,Winter,400
2020-02-19,Wednesday,February,1,2020,Winter,401
2020-02-21,Friday,February,1,2020,Winter,402
2020-02-22,Saturday,February,1,2020,Winter,403
2020-02-23,Sunday,February,1,2020,Winter,404
2020-02-24,Monday,February,1,2020,Winter,405
2020-02-25,Tuesday,February,1,2020,Winter,406
2020-02-26,Wednesday,February,1,2020,Winter,407
2020-02-27,Thursday,February,1,2020,Winter,408
2020-02-28,Friday,February,1,2020,Winter,409
2020-02-29,Saturday,February,1,2020,Winter,410
2020-03-01,Sunday,March,1,2020,Spring,411
2020-03-02,Monday,March,1,2020,Spring,412
2020-03-03,Tuesday,March,1,2020,Spring,413
2020-03-04,Wednesday,March,1,2020,Spring,414
2020-03-05,Thursday,March,1,2020,Spring,415
2020-03-06,Friday,March,1,2020,Spring,416
2020-03-07,Saturday,March,1,2020,Spring,417
2020-03-08,Sunday,March,1,2020,Spring,418
2020-03-09,Monday,March,1,2020,Spring,419
2020-03-10,Tuesday,March,1,2020,Spring,420
2020-03-11,Wednesday,March,1,2020,Spring,421
2020-03-12,Thursday,March,1,2020,Spring,422
2020-03-13,Friday,March,1,2020,Spring,423
2020-03-14,Saturday,March,1,2020,Spring,424
2020-03-15,Sunday,March,1,2020,Spring,425
2020-03-16,Monday,March,1,2020,Spring,426
2020-03-17,Tuesday,March,1,2020,Spring,427
2020-03-18,Wednesday,March,1,2020,Spring,428
2020-03-19,Thursday,March,1,2020,Spring,429
2020-03-20,Friday,March,1,2020,Spring,430
2020-03-21,Saturday,March,1,2020,Spring,431
2020-03-22,Sunday,March,1,2020,Spring,432
2020-03-23,Monday,March,1,2020,Spring,433
2020-03-24,Tuesday,March,1,2020,Spring,434
2020-03-26,Thursday,March,1,2020,Spring,435
2020-03-27,Friday,March,1,2020,Spring,436
2020-03-28,Saturday,March,1,2020,Spring,437
2020-03-29,Sunday,March,1,2020,Spring,438
2020-03-30,Monday,March,1,2020,Spring,439
2020-03-31,Tuesday,March,1,2020,Spring,440
2020-04-01,Wednesday,April,2,2020,Spring,441
2020-04-02,Thursday,April,2,2020,Spring,442
2020-04-03,Friday,April,2,2020,Spring,443
2020-04-04,Saturday,April,2,2020,Spring,444
2020-04-05,Sunday,April,2,2020,Spring,445
2020-04-06,Monday,April,2,2020,Spring,446
2020-04-07,Tuesday,April,2,2020,Spring,447
2020-04-08,Wednesday,April,2,2020,Spring,448
2020-04-09,Thursday,April,2,2020,Spring,449
2020-04-10,Friday,April,2,2020,Spring,450
2020-04-11,Saturday,April,2,2020,Spring,451
2020-04-12,Sunday,April,2,2020,Spring,452
2020-04-13,Monday,April,2,2020,Spring,453
2020-04-14,Tuesday,April,2,2020,Spring,454
2020-04-15,Wednesday,April,2,2020,Spring,455
2020-04-16,Thursday,April,2,2020,Spring,456
2020-04-17,Friday,April,2,2020,Spring,457
2020-04-18,Saturday,April,2,2020,Spring,458
2020-04-19,Sunday,April,2,2020,Spring,459
2020-04-20,Monday,April,2,2020,Spring,460
2020-04-21,Tuesday,April,2,2020,Spring,461
2020-04-22,Wednesday,April,2,2020,Spring,462
2020-04-23,Thursday,April,2,2020,Spring,463
2020-04-24,Friday,April,2,2020,Spring,464
2020-04-25,Saturday,April,2,2020,Spring,465
2020-04-26,Sunday,April,2,2020,Spring,466
2020-04-27,Monday,April,2,2020,Spring,467
2020-04-28,Tuesday,April,2,2020,Spring,468
2020-04-29,Wednesday,April,2,2020,Spring,469
2020-04-30,Thursday,April,2,2020,Spring,470
2020-05-01,Friday,May,2,2020,Spring,471
2020-05-02,Saturday,May,2,2020,Spring,472
2020-05-03,Sunday,May,2,2020,Spring,473
2020-05-04,Monday,May,2,2020,Spring,474
2020-05-05,Tuesday,May,2,2020,Spring,475
2020-05-06,Wednesday,May,2,2020,Spring,476
2020-05-07,Thursday,May,2,2020,Spring,477
2020-05-08,Friday,May,2,2020,Spring,478
2020-05-09,Saturday,May,2,2020,Spring,479
2020-05-10,Sunday,May,2,2020,Spring,480
2020-05-11,Monday,May,2,2020,Spring,481
2020-05-12,Tuesday,May,2,2020,Spring,482
2020-05-13,Wednesday,May,2,2020,Spring,483
2020-05-14,Thursday,May,2,2020,Spring,484
2020-05-15,Friday,May,2,2020,Spring,485
2020-05-16,Saturday,May,2,2020,Spring,486
2020-05-17,Sunday,May,2,2020,Spring,487
2020-05-18,Monday,May,2,2020,Spring,488
2020-05-19,Tuesday,May,2,2020,Spring,489
2020-05-20,Wednesday,May,2,2020,Spring,490
2020-05-21,Thursday,May,2,2020,Spring,491
2020-05-22,Friday,May,2,2020,Spring,492
2020-05-23,Saturday,May,2,2020,Spring,493
2020-05-24,Sunday,May,2,2020,Spring,494
2020-05-25,Monday,May,2,2020,Spring,495
2020-05-26,Tuesday,May,2,2020,Spring,496
2020-05-27,Wednesday,May,2,2020,Spring,497
2020-05-28,Thursday,May,2,2020,Spring,498
2020-05-29,Friday,May,2,2020,Spring,499
2020-05-31,Sunday,May,2,2020,Spring,500
2020-06-01,Monday,June,2,2020,Summer,501
2020-06-02,Tuesday,June,2,2020,Summer,502
2020-06-03,Wednesday,June,2,2020,Summer,503
2020-06-04,Thursday,June,2,2020,Summer,504
2020-06-05,Friday,June,2,2020,Summer,505
2020-06-06,Saturday,June,2,2020,Summer,506
2020-06-07,Sunday,June,2,2020,Summer,507
2020-06-08,Monday,June,2,2020,Summer,508
2020-06-09,Tuesday,June,2,2020,Summer,509
2020-06-10,Wednesday,June,2,2020,Summer,510
2020-06-11,Thursday,June,2,2020,Summer,511
2020-06-12,Friday,June,2,2020,Summer,512
2020-06-13,Saturday,June,2,2020,Summer,513
2020-06-14,Sunday,June,2,2020,Summer,514
2020-06-15,Monday,June,2,2020,Summer,515
2020-06-16,Tuesday,June,2,2020,Summer,516
2020-06-17,Wednesday,June,2,2020,Summer,517
2020-06-18,Thursday,June,2,2020,Summer,518
2020-06-19,Friday,June,2,2020,Summer,519
2020-06-20,Saturday,June,2,2020,Summer,520
2020-06-21,Sunday,June,2,2020,Summer,521
2020-06-22,Monday,June,2,2020,Summer,522
2020-06-23,Tuesday,June,2,2020,Summer,523
2020-06-24,Wednesday,June,2,2020,Summer,524
2020-06-25,Thursday,June,2,2020,Summer,525
2020-06-26,Friday,June,2,2020,Summer,526
2020-06-27,Saturday,June,2,2020,Summer,527
2020-06-28,Sunday,June,2,2020,Summer,528
2020-06-29,Monday,June,2,2020,Summer,529
2020-07-01,Wednesday,July,3,2020,Summer,530
2020-07-02,Thursday,July,3,2020,Summer,531
2020-07-03,Friday,July,3,2020,Summer,532
2020-07-04,Saturday,July,3,2020,Summer,533
2020-07-05,Sunday,July,3,2020,Summer,534
2020-07-06,Monday,July,3,2020,Summer,535
2020-07-07,Tuesday,July,3,2020,Summer,536
2020-07-08,Wednesday,July,3,2020,Summer,537
2020-07-09,Thursday,July,3,2020,Summer,538
2020-07-10,Friday,July,3,2020,Summer,539
2020-07-11,Saturday,July,3,2020,Summer,540
2020-07-12,Sunday,July,3,2020,Summer,541
2020-07-13,Monday,July,3,2020,Summer,542
2020-07-14,Tuesday,July,3,2020,Summer,543
2020-07-15,Wednesday,July,3,2020,Summer,544
2020-07-16,Thursday,July,3,2020,Summer,545
2020-07-17,Friday,July,3,2020,Summer,546
2020-07-18,Saturday,July,3,2020,Summer,547
2020-07-19,Sunday,July,3,2020,Summer,548
2020-07-20,Monday,July,3,2020,Summer,549
2020-07-21,Tuesday,July,3,2020,Summer,550
2020-07-22,Wednesday,July,3,2020,Summer,551
2020-07-23,Thursday,July,3,2020,Summer,552
2020-07-24,Friday,July,3,2020,Summer,553
2020-07-25,Saturday,July,3,2020,Summer,554
2020-07-26,Sunday,July,3,2020,Summer,555
2020-07-27,Monday,July,3,2020,Summer,556
2020-07-29,Wednesday,July,3,2020,Summer,557
2020-07-30,Thursday,July,3,2020,Summer,558
2020-07-31,Friday,July,3,2020,Summer,559
2020-08-01,Saturday,August,3,2020,Summer,560
2020-08-02,Sunday,August,3,2020,Summer,561
2020-08-03,Monday,August,3,2020,Summer,562
2020-08-04,Tuesday,August,3,2020,Summer,563
2020-08-05,Wednesday,August,3,2020,Summer,564
2020-08-06,Thursday,August,3,2020,Summer,565
2020-08-07,Friday,August,3,2020,Summer,566
2020-08-08,Saturday,August,3,2020,Summer,567
2020-08-09,Sunday,August,3,2020,Summer,568
2020-08-10,Monday,August,3,2020,Summer,569
2020-08-12,Wednesday,August,3,2020,Summer,570
2020-08-13,Thursday,August,3,2020,Summer,571
2020-08-14,Friday,August,3,2020,Summer,572
2020-08-15,Saturday,August,3,2020,Summer,573
2020-08-16,Sunday,August,3,2020,Summer,574
2020-08-17,Monday,August,3,2020,Summer,575
2020-08-18,Tuesday,August,3,2020,Summer,576
2020-08-19,Wednesday,August,3,2020,Summer,577
2020-08-20,Thursday,August,3,2020,Summer,578
2020-08-21,Friday,August,3,2020,Summer,579
2020-08-22,Saturday,August,3,2020,Summer,580
2020-08-23,Sunday,August,3,2020,Summer,581
2020-08-24,Monday,August,3,2020,Summer,582
2020-08-25,Tuesday,August,3,2020,Summer,583
2020-08-26,Wednesday,August,3,2020,Summer,584
2020-08-27,Thursday,August,3,2020,Summer,585
2020-08-28,Friday,August,3,2020,Summer,586
2020-08-29,Saturday,August,3,2020,Summer,587
2020-08-30,Sunday,August,3,2020,Summer,588
2020-08-31,Monday,August,3,2020,Summer,589
2020-09-01,Tuesday,September,3,2020,Fall,590
2020-09-02,Wednesday,September,3,2020,Fall,591
2020-09-03,Thursday,September,3,2020,Fall,592
2020-09-04,Friday,September,3,2020,Fall,593
2020-09-05,Saturday,September,3,2020,Fall,594
2020-09-06,Sunday,September,3,2020,Fall,595
2020-09-07,Monday,September,3,2020,Fall,596
2020-09-08,Tuesday,September,3,2020,Fall,597
2020-09-09,Wednesday,September,3,2020,Fall,598
2020-09-10,Thursday,September,3,2020,Fall,599
2020-09-11,Friday,September,3,2020,Fall,600
2020-09-12,Saturday,September,3,2020,Fall,601
2020-09-13,Sunday,September,3,2020,Fall,602
2020-09-14,Monday,September,3,2020,Fall,603
2020-09-15,Tuesday,September,3,2020,Fall,604
2020-09-16,Wednesday,September,3,2020,Fall,605
2020-09-17,Thursday,September,3,2020,Fall,606
2020-09-18,Friday,September,3,2020,Fall,607
2020-09-19,Saturday,September,3,2020,Fall,608
2020-09-20,Sunday,September,3,2020,Fall,609
2020-09-21,Monday,September,3,2020,Fall,610
2020-09-22,Tuesday,September,3,2020,Fall,611
2020-09-23,Wednesday,September,3,2020,Fall,612
2020-09-24,Thursday,September,3,2020,Fall,613
2020-09-25,Friday,September,3,2020,Fall,614
2020-09-26,Saturday,September,3,2020,Fall,615
2020-09-27,Sunday,September,3,2020,Fall,616
2020-09-28,Monday,September,3,2020,Fall,617
2020-09-29,Tuesday,September,3,2020,Fall,618
2020-09-30,Wednesday,September,3,2020,Fall,619
2020-10-01,Thursday,October,4,2020,Fall,620
2020-10-02,Friday,October,4,2020,Fall,621
2020-10-03,Saturday,October,4,2020,Fall,622
2020-10-04,Sunday,October,4,2020,Fall,623
2020-10-05,Monday,October,4,2020,Fall,624
2020-10-06,Tuesday,October,4,2020,Fall,625
2020-10-07,Wednesday,October,4,2020,Fall,626
2020-10-08,Thursday,October,4,2020,Fall,627
2020-10-09,Friday,October,4,2020,Fall,628
2020-10-10,Saturday,October,4,2020,Fall,629
2020-10-11,Sunday,October,4,2020,Fall,630
2020-10-12,Monday,October,4,2020,Fall,631
2020-10-13,Tuesday,October,4,2020,Fall,632
2020-10-15,Thursday,October,4,2020,Fall,633
2020-10-16,Friday,October,4,2020,Fall,634
2020-10-17,Saturday,October,4,2020,Fall,635
2020-10-18,Sunday,October,4,2020,Fall,636
2020-10-19,Monday,October,4,2020,Fall,637
2020-10-20,Tuesday,October,4,2020,Fall,638
2020-10-21,Wednesday,October,4,2020,Fall,639
2020-10-22,Thursday,October,4,2020,Fall,640
2020-10-23,Friday,October,4,2020,Fall,641
2020-10-24,Saturday,October,4,2020,Fall,642
2020-10-25,Sunday,October,4,2020,Fall,643
2020-10-26,Monday,October,4,2020,Fall,644
2020-10-27,Tuesday,October,4,2020,Fall,645
2020-10-28,Wednesday,October,4,2020,Fall,646
2020-10-29,Thursday,October,4,2020,Fall,647
2020-10-30,Friday,October,4,2020,Fall,648
2020-10-31,Saturday,October,4,2020,Fall,649
2020-11-01,Sunday,November,4,2020,Fall,650
2020-11-02,Monday,November,4,2020,Fall,651
2020-11-03,Tuesday,November,4,2020,Fall,652
2020-11-04,Wednesday,November,4,2020,Fall,653
2020-11-05,Thursday,November,4,2020,Fall,654
2020-11-06,Friday,November,4,2020,Fall,655
2020-11-07,Saturday,November,4,2020,Fall,656
2020-11-08,Sunday,November,4,2020,Fall,657
2020-11-09,Monday,November,4,2020,Fall,658
2020-11-10,Tuesday,November,4,2020,Fall,659
2020-11-11,Wednesday,November,4,2020,Fall,660
2020-11-12,Thursday,November,4,2020,Fall,661
2020-11-13,Friday,November,4,2020,Fall,662
2020-11-14,Saturday,November,4,2020,Fall,663
2020-11-15,Sunday,November,4,2020,Fall,664
2020-11-16,Monday,November,4,2020,Fall,665
2020-11-17,Tuesday,November,4,2020,Fall,666
2020-11-18,Wednesday,November,4,2020,Fall,667
2020-11-19,Thursday,November,4,2020,Fall,668
2020-11-20,Friday,November,4,2020,Fall,669
2020-11-21,Saturday,November,4,2020,Fall,670
2020-11-22,Sunday,November,4,2020,Fall,671
2020-11-23,Monday,November,4,2020,Fall,672
2020-11-24,Tuesday,November,4,2020,Fall,673
2020-11-25,Wednesday,November,4,2020,Fall,674
2020-11-26,Thursday,November,4,2020,Fall,675
2020-11-27,Friday,November,4,2020,Fall,676
2020-11-28,Saturday,November,4,2020,Fall,677
2020-11-29,Sunday,November,4,2020,Fall,678
2020-11-30,Monday,November,4,2020,Fall,679
2020-12-01,Tuesday,December,4,2020,Winter,680
2020-12-02,Wednesday,December,4,2020,Winter,681
2020-12-03,Thursday,December,4,2020,Winter,682
2020-12-04,Friday,December,4,2020,Winter,683
2020-12-05,Saturday,December,4,2020,Winter,684
2020-12-06,Sunday,December,4,2020,Winter,685
2020-12-07,Monday,December,4,2020,Winter,686
2020-12-08,Tuesday,December,4,2020,Winter,687
2020-12-09,Wednesday,December,4,2020,Winter,688
2020-12-10,Thursday,December,4,2020,Winter,689
2020-12-11,Friday,December,4,2020,Winter,690
2020-12-12,Saturday,December,4,2020,Winter,691
2020-12-13,Sunday,December,4,2020,Winter,692
2020-12-14,Monday,December,4,2020,Winter,693
2020-12-15,Tuesday,December,4,2020,Winter,694
2020-12-16,Wednesday,December,4,2020,Winter,695
2020-12-17,Thursday,December,4,2020,Winter,696
2020-12-18,Friday,December,4,2020,Winter,697
2020-12-19,Saturday,December,4,2020,Winter,698
2020-12-20,Sunday,December,4,2020,Winter,699
2020-12-21,Monday,December,4,2020,Winter,700
2020-12-22,Tuesday,December,4,2020,Winter,701
2020-12-23,Wednesday,December,4,2020,Winter,702
2020-12-24,Thursday,December,4,2020,Winter,703
2020-12-25,Friday,December,4,2020,Winter,704
2020-12-26,Saturday,December,4,2020,Winter,705
2020-12-27,Sunday,December,4,2020,Winter,706
2020-12-28,Monday,December,4,2020,Winter,707
2020-12-29,Tuesday,December,4,2020,Winter,708
2020-12-31,Thursday,December,4,2020,Winter,709
2021-01-01,Friday,January,1,2021,Winter,710
2021-01-02,Saturday,January,1,2021,Winter,711
2021-01-03,Sunday,January,1,2021,Winter,712
2021-01-04,Monday,January,1,2021,Winter,713
2021-01-05,Tuesday,January,1,2021,Winter,714
2021-01-06,Wednesday,January,1,2021,Winter,715
2021-01-07,Thursday,January,1,2021,Winter,716
2021-01-08,Friday,January,1,2021,Winter,717
2021-01-09,Saturday,January,1,2021,Winter,718
2021-01-10,Sunday,January,1,2021,Winter,719
2021-01-12,Tuesday,January,1,2021,Winter,720
2021-01-13,Wednesday,January,1,2021,Winter,721
2021-01-14,Thursday,January,1,2021,Winter,722
2021-01-15,Friday,January,1,2021,Winter,723
2021-01-16,Saturday,January,1,2021,Winter,724
2021-01-17,Sunday,January,1,2021,Winter,725
2021-01-18,Monday,January,1,2021,Winter,726
2021-01-19,Tuesday,January,1,2021,Winter,727
2021-01-20,Wednesday,January,1,2021,Winter,728
2021-01-21,Thursday,January,1,2021,Winter,729
2021-01-22,Friday,January,1,2021,Winter,730
2021-01-23,Saturday,January,1,2021,Winter,731
2021-01-24,Sunday,January,1,2021,Winter,732
2021-01-25,Monday,January,1,2021,Winter,733
2021-01-26,Tuesday,January,1,2021,Winter,734
2021-01-27,Wednesday,January,1,2021,Winter,735
2021-01-28,Thursday,January,1,2021,Winter,736
2021-01-29,Friday,January,1,2021,Winter,737
2021-01-30,Saturday,January,1,2021,Winter,738
2021-01-31,Sunday,January,1,2021,Winter,739
2021-02-01,Monday,February,1,2021,Winter,740
2021-02-02,Tuesday,February,1,2021,Winter,741
2021-02-03,Wednesday,February,1,2021,Winter,742
2021-02-04,Thursday,February,1,2021,Winter,743
2021-02-05,Friday,February,1,2021,Winter,744
2021-02-06,Saturday,February,1,2021,Winter,745
2021-02-07,Sunday,February,1,2021,Winter,746
2021-02-08,Monday,February,1,2021,Winter,747
2021-02-09,Tuesday,February,1,2021,Winter,748
2021-02-11,Thursday,February,1,2021,Winter,749
2021-02-12,Friday,February,1,2021,Winter,750
2021-02-13,Saturday,February,1,2021,Winter,751
2021-02-14,Sunday,February,1,2021,Winter,752
2021-02-15,Monday,February,1,2021,Winter,753
2021-02-16,Tuesday,February,1,2021,Winter,754
2021-02-17,Wednesday,February,1,2021,Winter,755
2021-02-18,Thursday,February,1,2021,Winter,756
2021-02-19,Friday,February,1,2021,Winter,757
2021-02-20,Saturday,February,1,2021,Winter,758
2021-02-21,Sunday,February,1,2021,Winter,759
2021-02-22,Monday,February,1,2021,Winter,760
2021-02-23,Tuesday,February,1,2021,Winter,761
2021-02-24,Wednesday,February,1,2021,Winter,762
2021-02-25,Thursday,February,1,2021,Winter,763
2021-02-26,Friday,February,1,2021,Winter,764
2021-02-27,Saturday,February,1,2021,Winter,765
2021-02-28,Sunday,February,1,2021,Winter,766
2021-03-01,Monday,March,1,2021,Spring,767
2021-03-02,Tuesday,March,1,2021,Spring,768
2021-03-03,Wednesday,March,1,2021,Spring,769
2021-03-04,Thursday,March,1,2021,Spring,770
2021-03-05,Friday,March,1,2021,Spring,771
2021-03-06,Saturday,March,1,2021,Spring,772
2021-03-07,Sunday,March,1,2021,Spring,773
2021-03-08,Monday,March,1,2021,Spring,774
2021-03-09,Tuesday,March,1,2021,Spring,775
2021-03-10,Wednesday,March,1,2021,Spring,776
2021-03-11,Thursday,March,1,2021,Spring,777
2021-03-12,Friday,March,1,2021,Spring,778
2021-03-13,Saturday,March,1,2021,Spring,779
2021-03-14,Sunday,March,1,2021,Spring,780
2021-03-15,Monday,March,1,2021,Spring,781
2021-03-16,Tuesday,March,1,2021,Spring,782
2021-03-17,Wednesday,March,1,2021,Spring,783
2021-03-18,Thursday,March,1,2021,Spring,784
2021-03-19,Friday,March,1,2021,Spring,785
2021-03-20,Saturday,March,1,2021,Spring,786
2021-03-21,Sunday,March,1,2021,Spring,787
2021-03-22,Monday,March,1,2021,Spring,788
2021-03-23,Tuesday,March,1,2021,Spring,789
2021-03-24,Wednesday,March,1,2021,Spring,790
2021-03-25,Thursday,March,1,2021,Spring,791
2021-03-26,Friday,March,1,2021,Spring,792
2021-03-27,Saturday,March,1,2021,Spring,793
2021-03-28,Sunday,March,1,2021,Spring,794
2021-03-29,Monday,March,1,2021,Spring,795
2021-03-30,Tuesday,March,1,2021,Spring,796
2021-03-31,Wednesday,March,1,2021,Spring,797
2021-04-01,Thursday,April,2,2021,Spring,798
2021-04-02,Friday,April,2,2021,Spring,799
2021-04-03,Saturday,April,2,2021,Spring,800
2021-04-04,Sunday,April,2,2021,Spring,801
2021-04-05,Monday,April,2,2021,Spring,802
2021-04-06,Tuesday,April,2,2021,Spring,803
2021-04-07,Wednesday,April,2,2021,Spring,804
2021-04-08,Thursday,April,2,2021,Spring,805
2021-04-09,Friday,April,2,2021,Spring,806
2021-04-10,Saturday,April,2,2021,Spring,807
2021-04-11,Sunday,April,2,2021,Spring,808
2021-04-12,Monday,April,2,2021,Spring,809
2021-04-13,Tuesday,April,2,2021,Spring,810
2021-04-14,Wednesday,April,2,2021,Spring,811
2021-04-15,Thursday,April,2,2021,Spring,812
2021-04-16,Friday,April,2,2021,Spring,813
2021-04-17,Saturday,April,2,2021,Spring,814
2021-04-18,Sunday,April,2,2021,Spring,815
2021-04-19,Monday,April,2,2021,Spring,816
2021-04-20,Tuesday,April,2,2021,Spring,817
2021-04-21,Wednesday,April,2,2021,Spring,818
2021-04-22,Thursday,April,2,2021,Spring,819
2021-04-23,Friday,April,2,2021,Spring,820
2021-04-24,Saturday,April,2,2021,Spring,821
2021-04-25,Sunday,April,2,2021,Spring,822
2021-04-26,Monday,April,2,2021,Spring,823
2021-04-27,Tuesday,April,2,2021,Spring,824
2021-04-28,Wednesday,April,2,2021,Spring,825
2021-04-29,Thursday,April,2,2021,Spring,826
2021-04-30,Friday,April,2,2021,Spring,827
2021-05-01,Saturday,May,2,2021,Spring,828
2021-05-02,Sunday,May,2,2021,Spring,829
2021-05-03,Monday,May,2,2021,Spring,830
2021-05-04,Tuesday,May,2,2021,Spring,831
2021-05-05,Wednesday,May,2,2021,Spring,832
2021-05-06,Thursday,May,2,2021,Spring,833
2021-05-07,Friday,May,2,2021,Spring,834
2021-05-08,Saturday,May,2,2021,Spring,835
2021-05-09,Sunday,May,2,2021,Spring,836
2021-05-10,Monday,May,2,2021,Spring,837
2021-05-11,Tuesday,May,2,2021,Spring,838
2021-05-12,Wednesday,May,2,2021,Spring,839
2021-05-13,Thursday,May,2,2021,Spring,840
2021-05-14,Friday,May,2,2021,Spring,841
2021-05-15,Saturday,May,2,2021,Spring,842
2021-05-16,Sunday,May,2,2021,Spring,843
2021-05-17,Monday,May,2,2021,Spring,844
2021-05-18,Tuesday,May,2,2021,Spring,845
2021-05-19,Wednesday,May,2,2021,Spring,846
2021-05-20,Thursday,May,2,2021,Spring,847
2021-05-21,Friday,May,2,2021,Spring,848
2021-05-22,Saturday,May,2,2021,Spring,849
2021-05-23,Sunday,May,2,2021,Spring,850
2021-05-24,Monday,May,2,2021,Spring,851
2021-05-25,Tuesday,May,2,2021,Spring,852
2021-05-26,Wednesday,May,2,2021,Spring,853
2021-05-27,Thursday,May,2,2021,Spring,854
2021-05-28,Friday,May,2,2021,Spring,855
2021-05-29,Saturday,May,2,2021,Spring,856
2021-05-30,Sunday,May,2,2021,Spring,857
2021-05-31,Monday,May,2,2021,Spring,858
2021-06-01,Tuesday,June,2,2021,Summer,859
2021-06-03,Thursday,June,2,2021,Summer,860
2021-06-04,Friday,June,2,2021,Summer,861
2021-06-05,Saturday,June,2,2021,Summer,862
2021-06-06,Sunday,June,2,2021,Summer,863
2021-06-07,Monday,June,2,2021,Summer,864
2021-06-08,Tuesday,June,2,2021,Summer,865
2021-06-09,Wednesday,June,2,2021,Summer,866
2021-06-10,Thursday,June,2,2021,Summer,867
2021-06-11,Friday,June,2,2021,Summer,868
2021-06-12,Saturday,June,2,2021,Summer,869
2021-06-13,Sunday,June,2,2021,Summer,870
2021-06-14,Monday,June,2,2021,Summer,871
2021-06-15,Tuesday,June,2,2021,Summer,872
2021-06-16,Wednesday,June,2,2021,Summer,873
2021-06-17,Thursday,June,2,2021,Summer,874
2021-06-18,Friday,June,2,2021,Summer,875
2021-06-19,Saturday,June,2,2021,Summer,876
2021-06-20,Sunday,June,2,2021,Summer,877
2021-06-21,Monday,June,2,2021,Summer,878
2021-06-22,Tuesday,June,2,2021,Summer,879
2021-06-23,Wednesday,June,2,2021,Summer,880
2021-06-24,Thursday,June,2,2021,Summer,881
2021-06-25,Friday,June,2,2021,Summer,882
2021-06-26,Saturday,June,2,2021,Summer,883
2021-06-27,Sunday,June,2,2021,Summer,884
2021-06-28,Monday,June,2,2021,Summer,885
2021-06-30,Wednesday,June,2,2021,Summer,886
2021-07-01,Thursday,July,3,2021,Summer,887
2021-07-02,Friday,July,3,2021,Summer,888
2021-07-03,Saturday,July,3,2021,Summer,889
2021-07-04,Sunday,July,3,2021,Summer,890
2021-07-05,Monday,July,3,2021,Summer,891
2021-07-06,Tuesday,July,3,2021,Summer,892
2021-07-07,Wednesday,July,3,2021,Summer,893
2021-07-08,Thursday,July,3,2021,Summer,894
2021-07-09,Friday,July,3,2021,Summer,895
2021-07-10,Saturday,July,3,2021,Summer,896
2021-07-11,Sunday,July,3,2021,Summer,897
2021-07-12,Monday,July,3,2021,Summer,898
2021-07-13,Tuesday,July,3,2021,Summer,899
2021-07-14,Wednesday,July,3,2021,Summer,900
2021-07-15,Thursday,July,3,2021,Summer,901
2021-07-16,Friday,July,3,2021,Summer,902
2021-07-17,Saturday,July,3,2021,Summer,903
2021-07-18,Sunday,July,3,2021,Summer,904
2021-07-19,Monday,July,3,2021,Summer,905
2021-07-20,Tuesday,July,3,2021,Summer,906
2021-07-21,Wednesday,July,3,2021,Summer,907
2021-07-22,Thursday,July,3,2021,Summer,908
2021-07-23,Friday,July,3,2021,Summer,909
2021-07-24,Saturday,July,3,2021,Summer,910
2021-07-25,Sunday,July,3,2021,Summer,911
2021-07-26,Monday,July,3,2021,Summer,912
2021-07-27,Tuesday,July,3,2021,Summer,913
2021-07-28,Wednesday,July,3,2021,Summer,914
2021-07-29,Thursday,July,3,2021,Summer,915
2021-07-30,Friday,July,3,2021,Summer,916
2021-07-31,Saturday,July,3,2021,Summer,917
2021-08-01,Sunday,August,3,2021,Summer,918
2021-08-02,Monday,August,3,2021,Summer,919
2021-08-03,Tuesday,August,3,2021,Summer,920
2021-08-04,Wednesday,August,3,2021,Summer,921
2021-08-05,Thursday,August,3,2021,Summer,922
2021-08-06,Friday,August,3,2021,Summer,923
2021-08-07,Saturday,August,3,2021,Summer,924
2021-08-08,Sunday,August,3,2021,Summer,925
2021-08-09,Monday,August,3,2021,Summer,926
2021-08-10,Tuesday,August,3,2021,Summer,927
2021-08-11,Wednesday,August,3,2021,Summer,928
2021-08-12,Thursday,August,3,2021,Summer,929
2021-08-13,Friday,August,3,2021,Summer,930
2021-08-14,Saturday,August,3,2021,Summer,931
2021-08-15,Sunday,August,3,2021,Summer,932
2021-08-16,Monday,August,3,2021,Summer,933
2021-08-17,Tuesday,August,3,2021,Summer,934
2021-08-18,Wednesday,August,3,2021,Summer,935
2021-08-19,Thursday,August,3,2021,Summer,936
2021-08-20,Friday,August,3,2021,Summer,937
2021-08-21,Saturday,August,3,2021,Summer,938
2021-08-22,Sunday,August,3,2021,Summer,939
2021-08-23,Monday,August,3,2021,Summer,940
2021-08-24,Tuesday,August,3,2021,Summer,941
2021-08-25,Wednesday,August,3,2021,Summer,942
2021-08-26,Thursday,August,3,2021,Summer,943
2021-08-27,Friday,August,3,2021,Summer,944
2021-08-28,Saturday,August,3,2021,Summer,945
2021-08-29,Sunday,August,3,2021,Summer,946
2021-08-30,Monday,August,3,2021,Summer,947
2021-08-31,Tuesday,August,3,2021,Summer,948
2021-09-01,Wednesday,September,3,2021,Fall,949
2021-09-02,Thursday,September,3,2021,Fall,950
2021-09-03,Friday,September,3,2021,Fall,951
2021-09-04,Saturday,September,3,2021,Fall,952
2021-09-05,Sunday,September,3,2021,Fall,953
2021-09-06,Monday,September,3,2021,Fall,954
2021-09-07,Tuesday,September,3,2021,Fall,955
2021-09-08,Wednesday,September,3,2021,Fall,956
2021-09-09,Thursday,September,3,2021,Fall,957
2021-09-10,Friday,September,3,2021,Fall,958
2021-09-11,Saturday,September,3,2021,Fall,959
2021-09-12,Sunday,September,3,2021,Fall,960
2021-09-13,Monday,September,3,2021,Fall,961
2021-09-14,Tuesday,September,3,2021,Fall,962
2021-09-15,Wednesday,September,3,2021,Fall,963
2021-09-16,Thursday,September,3,2021,Fall,964
2021-09-17,Friday,September,3,2021,Fall,965
2021-09-18,Saturday,September,3,2021,Fall,966
2021-09-19,Sunday,September,3,2021,Fall,967
2021-09-20,Monday,September,3,2021,Fall,968
2021-09-21,Tuesday,September,3,2021,Fall,969
2021-09-22,Wednesday,September,3,2021,Fall,970
2021-09-23,Thursday,September,3,2021,Fall,971
2021-09-24,Friday,September,3,2021,Fall,972
2021-09-25,Saturday,September,3,2021,Fall,973
2021-09-26,Sunday,September,3,2021,Fall,974
2021-09-27,Monday,September,3,2021,Fall,975
2021-09-28,Tuesday,September,3,2021,Fall,976
2021-09-29,Wednesday,September,3,2021,Fall,977
2021-09-30,Thursday,September,3,2021,Fall,978
2021-10-01,Friday,October,4,2021,Fall,979
2021-10-02,Saturday,October,4,2021,Fall,980
2021-10-03,Sunday,October,4,2021,Fall,981
2021-10-04,Monday,October,4,2021,Fall,982
2021-10-05,Tuesday,October,4,2021,Fall,983
2021-10-06,Wednesday,October,4,2021,Fall,984
2021-10-07,Thursday,October,4,2021,Fall,985
2021-10-08,Friday,October,4,2021,Fall,986
2021-10-09,Saturday,October,4,2021,Fall,987
2021-10-10,Sunday,October,4,2021,Fall,988
2021-10-11,Monday,October,4,2021,Fall,989
2021-10-12,Tuesday,October,4,2021,Fall,990
2021-10-13,Wednesday,October,4,2021,Fall,991
2021-10-14,Thursday,October,4,2021,Fall,992
2021-10-15,Friday,October,4,2021,Fall,993
2021-10-16,Saturday,October,4,2021,Fall,994
2021-10-17,Sunday,October,4,2021,Fall,995
2021-10-18,Monday,October,4,2021,Fall,996
2021-10-19,Tuesday,October,4,2021,Fall,997
2021-10-20,Wednesday,October,4,2021,Fall,998
2021-10-21,Thursday,October,4,2021,Fall,999
2021-10-22,Friday,October,4,2021,Fall,1000
2021-10-23,Saturday,October,4,2021,Fall,1001
2021-10-24,Sunday,October,4,2021,Fall,1002
2021-10-25,Monday,October,4,2021,Fall,1003
2021-10-26,Tuesday,October,4,2021,Fall,1004
2021-10-27,Wednesday,October,4,2021,Fall,1005
2021-10-28,Thursday,October,4,2021,Fall,1006
2021-10-29,Friday,October,4,2021,Fall,1007
2021-10-30,Saturday,October,4,2021,Fall,1008
2021-10-31,Sunday,October,4,2021,Fall,1009
2021-11-01,Monday,November,4,2021,Fall,1010
2021-11-02,Tuesday,November,4,2021,Fall,1011
2021-11-03,Wednesday,November,4,2021,Fall,1012
2021-11-04,Thursday,November,4,2021,Fall,1013
2021-11-05,Friday,November,4,2021,Fall,1014
2021-11-06,Saturday,November,4,2021,Fall,1015
2021-11-07,Sunday,November,4,2021,Fall,1016
2021-11-08,Monday,November,4,2021,Fall,1017
2021-11-09,Tuesday,November,4,2021,Fall,1018
2021-11-10,Wednesday,November,4,2021,Fall,1019
2021-11-11,Thursday,November,4,2021,Fall,1020
2021-11-12,Friday,November,4,2021,Fall,1021
2021-11-13,Saturday,November,4,2021,Fall,1022
2021-11-14,Sunday,November,4,2021,Fall,1023
2021-11-15,Monday,November,4,2021,Fall,1024
2021-11-16,Tuesday,November,4,2021,Fall,1025
2021-11-17,Wednesday,November,4,2021,Fall,1026
2021-11-18,Thursday,November,4,2021,Fall,1027
2021-11-19,Friday,November,4,2021,Fall,1028
2021-11-20,Saturday,November,4,2021,Fall,1029
2021-11-21,Sunday,November,4,2021,Fall,1030
2021-11-22,Monday,November,4,2021,Fall,1031
2021-11-23,Tuesday,November,4,2021,Fall,1032
2021-11-24,Wednesday,November,4,2021,Fall,1033
2021-11-25,Thursday,November,4,2021,Fall,1034
2021-11-26,Friday,November,4,2021,Fall,1035
2021-11-27,Saturday,November,4,2021,Fall,1036
2021-11-28,Sunday,November,4,2021,Fall,1037
2021-11-29,Monday,November,4,2021,Fall,1038
2021-11-30,Tuesday,November,4,2021,Fall,1039
2021-12-01,Wednesday,December,4,2021,Winter,1040
2021-12-02,Thursday,December,4,2021,Winter,1041
2021-12-03,Friday,December,4,2021,Winter,1042
2021-12-04,Saturday,December,4,2021,Winter,1043
2021-12-05,Sunday,December,4,2021,Winter,1044
2021-12-06,Monday,December,4,2021,Winter,1045
2021-12-07,Tuesday,December,4,2021,Winter,1046
2021-12-08,Wednesday,December,4,2021,Winter,1047
2021-12-09,Thursday,December,4,2021,Winter,1048
2021-12-10,Friday,December,4,2021,Winter,1049
2021-12-11,Saturday,December,4,2021,Winter,1050
2021-12-12,Sunday,December,4,2021,Winter,1051
2021-12-13,Monday,December,4,2021,Winter,1052
2021-12-14,Tuesday,December,4,2021,Winter,1053
2021-12-15,Wednesday,December,4,2021,Winter,1054
2021-12-16,Thursday,December,4,2021,Winter,1055
2021-12-17,Friday,December,4,2021,Winter,1056
2021-12-18,Saturday,December,4,2021,Winter,1057
2021-12-19,Sunday,December,4,2021,Winter,1058
2021-12-20,Monday,December,4,2021,Winter,1059
2021-12-21,Tuesday,December,4,2021,Winter,1060
2021-12-22,Wednesday,December,4,2021,Winter,1061
2021-12-23,Thursday,December,4,2021,Winter,1062
2021-12-24,Friday,December,4,2021,Winter,1063
2021-12-25,Saturday,December,4,2021,Winter,1064
2021-12-26,Sunday,December,4,2021,Winter,1065
2021-12-27,Monday,December,4,2021,Winter,1066
2021-12-28,Tuesday,December,4,2021,Winter,1067
2021-12-29,Wednesday,December,4,2021,Winter,1068
2021-12-30,Thursday,December,4,2021,Winter,1069
2021-12-31,Friday,December,4,2021,Winter,1070
2022-01-01,Saturday,January,1,2022,Winter,1071
2022-01-02,Sunday,January,1,2022,Winter,1072
2022-01-03,Monday,January,1,2022,Winter,1073
2022-01-04,Tuesday,January,1,2022,Winter,1074
2022-01-05,Wednesday,January,1,2022,Winter,1075
2022-01-06,Thursday,January,1,2022,Winter,1076
2022-01-07,Friday,January,1,2022,Winter,1077
2022-01-08,Saturday,January,1,2022,Winter,1078
2022-01-09,Sunday,January,1,2022,Winter,1079
2022-01-10,Monday,January,1,2022,Winter,1080
2022-01-11,Tuesday,January,1,2022,Winter,1081
2022-01-12,Wednesday,January,1,2022,Winter,1082
2022-01-13,Thursday,January,1,2022,Winter,1083
2022-01-14,Friday,January,1,2022,Winter,1084
2022-01-15,Saturday,January,1,2022,Winter,1085
2022-01-16,Sunday,January,1,2022,Winter,1086
2022-01-17,Monday,January,1,2022,Winter,1087
2022-01-18,Tuesday,January,1,2022,Winter,1088
2022-01-19,Wednesday,January,1,2022,Winter,1089
2022-01-20,Thursday,January,1,2022,Winter,1090
2022-01-21,Friday,January,1,2022,Winter,1091
2022-01-22,Saturday,January,1,2022,Winter,1092
2022-01-23,Sunday,January,1,2022,Winter,1093
2022-01-24,Monday,January,1,2022,Winter,1094
2022-01-25,Tuesday,January,1,2022,Winter,1095
2022-01-26,Wednesday,January,1,2022,Winter,1096
2022-01-27,Thursday,January,1,2022,Winter,1097
2022-01-28,Friday,January,1,2022,Winter,1098
2022-01-29,Saturday,January,1,2022,Winter,1099
2022-01-30,Sunday,January,1,2022,Winter,1100
2022-01-31,Monday,January,1,2022,Winter,1101
2022-02-01,Tuesday,February,1,2022,Winter,1102
2022-02-02,Wednesday,February,1,2022,Winter,1103
2022-02-03,Thursday,February,1,2022,Winter,1104
2022-02-04,Friday,February,1,2022,Winter,1105
2022-02-05,Saturday,February,1,2022,Winter,1106
2022-02-06,Sunday,February,1,2022,Winter,1107
2022-02-07,Monday,February,1,2022,Winter,1108
2022-02-08,Tuesday,February,1,2022,Winter,1109
2022-02-09,Wednesday,February,1,2022,Winter,1110
2022-02-10,Thursday,February,1,2022,Winter,1111
2022-02-11,Friday,February,1,2022,Winter,1112
2022-02-12,Saturday,February,1,2022,Winter,1113
2022-02-13,Sunday,February,1,2022,Winter,1114
2022-02-14,Monday,February,1,2022,Winter,1115
2022-02-15,Tuesday,February,1,2022,Winter,1116
2022-02-16,Wednesday,February,1,2022,Winter,1117
2022-02-17,Thursday,February,1,2022,Winter,1118
2022-02-18,Friday,February,1,2022,Winter,1119
2022-02-19,Saturday,February,1,2022,Winter,1120
2022-02-20,Sunday,February,1,2022,Winter,1121
2022-02-21,Monday,February,1,2022,Winter,1122
2022-02-22,Tuesday,February,1,2022,Winter,1123
2022-02-23,Wednesday,February,1,2022,Winter,1124
2022-02-24,Thursday,February,1,2022,Winter,1125
2022-02-25,Friday,February,1,2022,Winter,1126
2022-02-26,Saturday,February,1,2022,Winter,1127
2022-02-27,Sunday,February,1,2022,Winter,1128
2022-02-28,Monday,February,1,2022,Winter,1129
2022-03-01,Tuesday,March,1,2022,Spring,1130
2022-03-02,Wednesday,March,1,2022,Spring,1131
2022-03-03,Thursday,March,1,2022,Spring,1132
2022-03-04,Friday,March,1,2022,Spring,1133
2022-03-05,Saturday,March,1,2022,Spring,1134
2022-03-06,Sunday,March,1,2022,Spring,1135
2022-03-07,Monday,March,1,2022,Spring,1136
2022-03-08,Tuesday,March,1,2022,Spring,1137
2022-03-09,Wednesday,March,1,2022,Spring,1138
2022-03-10,Thursday,March,1,2022,Spring,1139
2022-03-11,Friday,March,1,2022,Spring,1140
2022-03-12,Saturday,March,1,2022,Spring,1141
2022-03-13,Sunday,March,1,2022,Spring,1142
2022-03-14,Monday,March,1,2022,Spring,1143
2022-03-15,Tuesday,March,1,2022,Spring,1144
2022-03-16,Wednesday,March,1,2022,Spring,1145
2022-03-17,Thursday,March,1,2022,Spring,1146
2022-03-18,Friday,March,1,2022,Spring,1147
2022-03-19,Saturday,March,1,2022,Spring,1148
2022-03-20,Sunday,March,1,2022,Spring,1149
2022-03-21,Monday,March,1,2022,Spring,1150
2022-03-22,Tuesday,March,1,2022,Spring,1151
2022-03-23,Wednesday,March,1,2022,Spring,1152
2022-03-24,Thursday,March,1,2022,Spring,1153
2022-03-25,Friday,March,1,2022,Spring,1154
2022-03-26,Saturday,March,1,2022,Spring,1155
2022-03-27,Sunday,March,1,2022,Spring,1156
2022-03-28,Monday,March,1,2022,Spring,1157
2022-03-29,Tuesday,March,1,2022,Spring,1158
2022-03-30,Wednesday,March,1,2022,Spring,1159
2022-03-31,Thursday,March,1,2022,Spring,1160
2022-04-01,Friday,April,2,2022,Spring,1161
2022-04-02,Saturday,April,2,2022,Spring,1162
2022-04-03,Sunday,April,2,2022,Spring,1163
2022-04-04,Monday,April,2,2022,Spring,1164
2022-04-05,Tuesday,April,2,2022,Spring,1165
2022-04-06,Wednesday,April,2,2022,Spring,1166
2022-04-07,Thursday,April,2,2022,Spring,1167
2022-04-08,Friday,April,2,2022,Spring,1168
2022-04-09,Saturday,April,2,2022,Spring,1169
2022-04-10,Sunday,April,2,2022,Spring,1170
2022-04-11,Monday,April,2,2022,Spring,1171
2022-04-12,Tuesday,April,2,2022,Spring,1172
2022-04-13,Wednesday,April,2,2022,Spring,1173
2022-04-14,Thursday,April,2,2022,Spring,1174
2022-04-15,Friday,April,2,2022,Spring,1175
2022-04-16,Saturday,April,2,2022,Spring,1176
2022-04-17,Sunday,April,2,2022,Spring,1177
2022-04-18,Monday,April,2,2022,Spring,1178
2022-04-19,Tuesday,April,2,2022,Spring,1179
2022-04-20,Wednesday,April,2,2022,Spring,1180
2022-04-21,Thursday,April,2,2022,Spring,1181
2022-04-22,Friday,April,2,2022,Spring,1182
2022-04-23,Saturday,April,2,2022,Spring,1183
2022-04-24,Sunday,April,2,2022,Spring,1184
2022-04-25,Monday,April,2,2022,Spring,1185
2022-04-26,Tuesday,April,2,2022,Spring,1186
2022-04-27,Wednesday,April,2,2022,Spring,1187
2022-04-28,Thursday,April,2,2022,Spring,1188
2022-04-29,Friday,April,2,2022,Spring,1189
2022-04-30,Saturday,April,2,2022,Spring,1190
2022-05-01,Sunday,May,2,2022,Spring,1191
2022-05-02,Monday,May,2,2022,Spring,1192
2022-05-03,Tuesday,May,2,2022,Spring,1193
2022-05-04,Wednesday,May,2,2022,Spring,1194
2022-05-05,Thursday,May,2,2022,Spring,1195
2022-05-06,Friday,May,2,2022,Spring,1196
2022-05-07,Saturday,May,2,2022,Spring,1197
2022-05-08,Sunday,May,2,2022,Spring,1198
2022-05-09,Monday,May,2,2022,Spring,1199
2022-05-10,Tuesday,May,2,2022,Spring,1200
2022-05-11,Wednesday,May,2,2022,Spring,1201
2022-05-12,Thursday,May,2,2022,Spring,1202
2022-05-13,Friday,May,2,2022,Spring,1203
2022-05-14,Saturday,May,2,2022,Spring,1204
2022-05-15,Sunday,May,2,2022,Spring,1205
2022-05-16,Monday,May,2,2022,Spring,1206
2022-05-17,Tuesday,May,2,2022,Spring,1207
2022-05-18,Wednesday,May,2,2022,Spring,1208
2022-05-19,Thursday,May,2,2022,Spring,1209
2022-05-20,Friday,May,2,2022,Spring,1210
2022-05-21,Saturday,May,2,2022,Spring,1211
2022-05-22,Sunday,May,2,2022,Spring,1212
2022-05-23,Monday,May,2,2022,Spring,1213
2022-05-24,Tuesday,May,2,2022,Spring,1214
2022-05-25,Wednesday,May,2,2022,Spring,1215
2022-05-26,Thursday,May,2,2022,Spring,1216
2022-05-27,Friday,May,2,2022,Spring,1217
2022-05-28,Saturday,May,2,2022,Spring,1218
2022-05-29,Sunday,May,2,2022,Spring,1219
2022-05-30,Monday,May,2,2022,Spring,1220
2022-05-31,Tuesday,May,2,2022,Spring,1221
2022-06-01,Wednesday,June,2,2022,Summer,1222
2022-06-02,Thursday,June,2,2022,Summer,1223
2022-06-03,Friday,June,2,2022,Summer,1224
2022-06-04,Saturday,June,2,2022,Summer,1225
2022-06-05,Sunday,June,2,2022,Summer,1226
2022-06-06,Monday,June,2,2022,Summer,1227
2022-06-07,Tuesday,June,2,2022,Summer,1228
2022-06-08,Wednesday,June,2,2022,Summer,1229
2022-06-09,Thursday,June,2,2022,Summer,1230
2022-06-10,Friday,June,2,2022,Summer,1231
2022-06-11,Saturday,June,2,2022,Summer,1232
2022-06-12,Sunday,June,2,2022,Summer,1233
2022-06-13,Monday,June,2,2022,Summer,1234
2022-06-14,Tuesday,June,2,2022,Summer,1235
2022-06-15,Wednesday,June,2,2022,Summer,1236
2022-06-16,Thursday,June,2,2022,Summer,1237
2022-06-17,Friday,June,2,2022,Summer,1238
2022-06-18,Saturday,June,2,2022,Summer,1239
2022-06-19,Sunday,June,2,2022,Summer,1240
2022-06-20,Monday,June,2,2022,Summer,1241
2022-06-21,Tuesday,June,2,2022,Summer,1242
2022-06-22,Wednesday,June,2,2022,Summer,1243
2022-06-23,Thursday,June,2,2022,Summer,1244
2022-06-24,Friday,June,2,2022,Summer,1245
2022-06-25,Saturday,June,2,2022,Summer,1246
2022-06-26,Sunday,June,2,2022,Summer,1247
2022-06-27,Monday,June,2,2022,Summer,1248
2022-06-28,Tuesday,June,2,2022,Summer,1249
2022-06-29,Wednesday,June,2,2022,Summer,1250
2022-06-30,Thursday,June,2,2022,Summer,1251
2022-07-01,Friday,July,3,2022,Summer,1252
2022-07-02,Saturday,July,3,2022,Summer,1253
2022-07-03,Sunday,July,3,2022,Summer,1254
2022-07-04,Monday,July,3,2022,Summer,1255
2022-07-05,Tuesday,July,3,2022,Summer,1256
2022-07-06,Wednesday,July,3,2022,Summer,1257
2022-07-07,Thursday,July,3,2022,Summer,1258
2022-07-08,Friday,July,3,2022,Summer,1259
2022-07-09,Saturday,July,3,2022,Summer,1260
2022-07-10,Sunday,July,3,2022,Summer,1261
2022-07-11,Monday,July,3,2022,Summer,1262
2022-07-12,Tuesday,July,3,2022,Summer,1263
2022-07-13,Wednesday,July,3,2022,Summer,1264
2022-07-14,Thursday,July,3,2022,Summer,1265
2022-07-15,Friday,July,3,2022,Summer,1266
2022-07-16,Saturday,July,3,2022,Summer,1267
2022-07-17,Sunday,July,3,2022,Summer,1268
2022-07-18,Monday,July,3,2022,Summer,1269
2022-07-19,Tuesday,July,3,2022,Summer,1270
2022-07-20,Wednesday,July,3,2022,Summer,1271
2022-07-21,Thursday,July,3,2022,Summer,1272
2022-07-22,Friday,July,3,2022,Summer,1273
2022-07-23,Saturday,July,3,2022,Summer,1274
2022-07-24,Sunday,July,3,2022,Summer,1275
2022-07-25,Monday,July,3,2022,Summer,1276
2022-07-26,Tuesday,July,3,2022,Summer,1277
2022-07-27,Wednesday,July,3,2022,Summer,1278
2022-07-28,Thursday,July,3,2022,Summer,1279
2022-07-29,Friday,July,3,2022,Summer,1280
2022-07-30,Saturday,July,3,2022,Summer,1281
2022-07-31,Sunday,July,3,2022,Summer,1282
2022-08-01,Monday,August,3,2022,Summer,1283
2022-08-02,Tuesday,August,3,2022,Summer,1284
2022-08-03,Wednesday,August,3,2022,Summer,1285
2022-08-04,Thursday,August,3,2022,Summer,1286
2022-08-05,Friday,August,3,2022,Summer,1287
2022-08-06,Saturday,August,3,2022,Summer,1288
2022-08-07,Sunday,August,3,2022,Summer,1289
2022-08-08,Monday,August,3,2022,Summer,1290
2022-08-09,Tuesday,August,3,2022,Summer,1291
2022-08-10,Wednesday,August,3,2022,Summer,1292
2022-08-11,Thursday,August,3,2022,Summer,1293
2022-08-12,Friday,August,3,2022,Summer,1294
2022-08-13,Saturday,August,3,2022,Summer,1295
2022-08-14,Sunday,August,3,2022,Summer,1296
2022-08-15,Monday,August,3,2022,Summer,1297
2022-08-16,Tuesday,August,3,2022,Summer,1298
2022-08-17,Wednesday,August,3,2022,Summer,1299
2022-08-18,Thursday,August,3,2022,Summer,1300
2022-08-19,Friday,August,3,2022,Summer,1301
2022-08-20,Saturday,August,3,2022,Summer,1302
2022-08-21,Sunday,August,3,2022,Summer,1303
2022-08-22,Monday,August,3,2022,Summer,1304
2022-08-23,Tuesday,August,3,2022,Summer,1305
2022-08-24,Wednesday,August,3,2022,Summer,1306
2022-08-25,Thursday,August,3,2022,Summer,1307
2022-08-26,Friday,August,3,2022,Summer,1308
2022-08-27,Saturday,August,3,2022,Summer,1309
2022-08-28,Sunday,August,3,2022,Summer,1310
2022-08-29,Monday,August,3,2022,Summer,1311
2022-08-30,Tuesday,August,3,2022,Summer,1312
2022-08-31,Wednesday,August,3,2022,Summer,1313
2022-09-01,Thursday,September,3,2022,Fall,1314
2022-09-02,Friday,September,3,2022,Fall,1315
2022-09-03,Saturday,September,3,2022,Fall,1316
2022-09-04,Sunday,September,3,2022,Fall,1317
2022-09-05,Monday,September,3,2022,Fall,1318
2022-09-06,Tuesday,September,3,2022,Fall,1319
2022-09-07,Wednesday,September,3,2022,Fall,1320
2022-09-08,Thursday,September,3,2022,Fall,1321
2022-09-09,Friday,September,3,2022,Fall,1322
2022-09-10,Saturday,September,3,2022,Fall,1323
2022-09-11,Sunday,September,3,2022,Fall,1324
2022-09-12,Monday,September,3,2022,Fall,1325
2022-09-13,Tuesday,September,3,2022,Fall,1326
2022-09-14,Wednesday,September,3,2022,Fall,1327
2022-09-15,Thursday,September,3,2022,Fall,1328
2022-09-16,Friday,September,3,2022,Fall,1329
2022-09-17,Saturday,September,3,2022,Fall,1330
2022-09-18,Sunday,September,3,2022,Fall,1331
2022-09-19,Monday,September,3,2022,Fall,1332
2022-09-20,Tuesday,September,3,2022,Fall,1333
2022-09-21,Wednesday,September,3,2022,Fall,1334
2022-09-22,Thursday,September,3,2022,Fall,1335
2022-09-23,Friday,September,3,2022,Fall,1336
2022-09-24,Saturday,September,3,2022,Fall,1337
2022-09-25,Sunday,September,3,2022,Fall,1338
2022-09-26,Monday,September,3,2022,Fall,1339
2022-09-27,Tuesday,September,3,2022,Fall,1340
2022-09-28,Wednesday,September,3,2022,Fall,1341
2022-09-29,Thursday,September,3,2022,Fall,1342
2022-09-30,Friday,September,3,2022,Fall,1343
2022-10-01,Saturday,October,4,2022,Fall,1344
2022-10-02,Sunday,October,4,2022,Fall,1345
2022-10-03,Monday,October,4,2022,Fall,1346
2022-10-04,Tuesday,October,4,2022,Fall,1347
2022-10-05,Wednesday,October,4,2022,Fall,1348
2022-10-06,Thursday,October,4,2022,Fall,1349
2022-10-07,Friday,October,4,2022,Fall,1350
2022-10-08,Saturday,October,4,2022,Fall,1351
2022-10-09,Sunday,October,4,2022,Fall,1352
2022-10-10,Monday,October,4,2022,Fall,1353
2022-10-11,Tuesday,October,4,2022,Fall,1354
2022-10-12,Wednesday,October,4,2022,Fall,1355
2022-10-13,Thursday,October,4,2022,Fall,1356
2022-10-14,Friday,October,4,2022,Fall,1357
2022-10-15,Saturday,October,4,2022,Fall,1358
2022-10-16,Sunday,October,4,2022,Fall,1359
2022-10-17,Monday,October,4,2022,Fall,1360
2022-10-18,Tuesday,October,4,2022,Fall,1361
2022-10-19,Wednesday,October,4,2022,Fall,1362
2022-10-20,Thursday,October,4,2022,Fall,1363
2022-10-21,Friday,October,4,2022,Fall,1364
2022-10-22,Saturday,October,4,2022,Fall,1365
2022-10-23,Sunday,October,4,2022,Fall,1366
2022-10-24,Monday,October,4,2022,Fall,1367
2022-10-25,Tuesday,October,4,2022,Fall,1368
2022-10-26,Wednesday,October,4,2022,Fall,1369
2022-10-27,Thursday,October,4,2022,Fall,1370
2022-10-28,Friday,October,4,2022,Fall,1371
2022-10-29,Saturday,October,4,2022,Fall,1372
2022-10-30,Sunday,October,4,2022,Fall,1373
2022-10-31,Monday,October,4,2022,Fall,1374
2022-11-01,Tuesday,November,4,2022,Fall,1375
2022-11-02,Wednesday,November,4,2022,Fall,1376
2022-11-03,Thursday,November,4,2022,Fall,1377
2022-11-04,Friday,November,4,2022,Fall,1378
2022-11-05,Saturday,November,4,2022,Fall,1379
2022-11-06,Sunday,November,4,2022,Fall,1380
2022-11-07,Monday,November,4,2022,Fall,1381
2022-11-08,Tuesday,November,4,2022,Fall,1382
2022-11-09,Wednesday,November,4,2022,Fall,1383
2022-11-10,Thursday,November,4,2022,Fall,1384
2022-11-11,Friday,November,4,2022,Fall,1385
2022-11-12,Saturday,November,4,2022,Fall,1386
2022-11-13,Sunday,November,4,2022,Fall,1387
2022-11-14,Monday,November,4,2022,Fall,1388
2022-11-15,Tuesday,November,4,2022,Fall,1389
2022-11-16,Wednesday,November,4,2022,Fall,1390
2022-11-17,Thursday,November,4,2022,Fall,1391
2022-11-18,Friday,November,4,2022,Fall,1392
2022-11-19,Saturday,November,4,2022,Fall,1393
2022-11-20,Sunday,November,4,2022,Fall,1394
2022-11-21,Monday,November,4,2022,Fall,1395
2022-11-22,Tuesday,November,4,2022,Fall,1396
2022-11-23,Wednesday,November,4,2022,Fall,1397
2022-11-24,Thursday,November,4,2022,Fall,1398
2022-11-25,Friday,November,4,2022,Fall,1399
2022-11-26,Saturday,November,4,2022,Fall,1400
2022-11-27,Sunday,November,4,2022,Fall,1401
2022-11-28,Monday,November,4,2022,Fall,1402
2022-11-29,Tuesday,November,4,2022,Fall,1403
2022-11-30,Wednesday,November,4,2022,Fall,1404
2022-12-01,Thursday,December,4,2022,Winter,1405
2022-12-02,Friday,December,4,2022,Winter,1406
2022-12-03,Saturday,December,4,2022,Winter,1407
2022-12-04,Sunday,December,4,2022,Winter,1408
2022-12-05,Monday,December,4,2022,Winter,1409
2022-12-06,Tuesday,December,4,2022,Winter,1410
2022-12-07,Wednesday,December,4,2022,Winter,1411
2022-12-08,Thursday,December,4,2022,Winter,1412
2022-12-09,Friday,December,4,2022,Winter,1413
2022-12-10,Saturday,December,4,2022,Winter,1414
2022-12-11,Sunday,December,4,2022,Winter,1415
2022-12-12,Monday,December,4,2022,Winter,1416
2022-12-13,Tuesday,December,4,2022,Winter,1417
2022-12-14,Wednesday,December,4,2022,Winter,1418
2022-12-15,Thursday,December,4,2022,Winter,1419
2022-12-16,Friday,December,4,2022,Winter,1420
2022-12-17,Saturday,December,4,2022,Winter,1421
2022-12-18,Sunday,December,4,2022,Winter,1422
2022-12-19,Monday,December,4,2022,Winter,1423
2022-12-20,Tuesday,December,4,2022,Winter,1424
2022-12-21,Wednesday,December,4,2022,Winter,1425
2022-12-22,Thursday,December,4,2022,Winter,1426
2022-12-23,Friday,December,4,2022,Winter,1427
2022-12-24,Saturday,December,4,2022,Winter,1428
2022-12-25,Sunday,December,4,2022,Winter,1429
2022-12-26,Monday,December,4,2022,Winter,1430
2022-12-27,Tuesday,December,4,2022,Winter,1431
2022-12-28,Wednesday,December,4,2022,Winter,1432
2022-12-29,Thursday,December,4,2022,Winter,1433
2022-12-30,Friday,December,4,2022,Winter,1434
